appid,fold
220,3
400,1
550,0
620,2
8930,4
105600,3
108600,1
203160,0
211820,2
219990,4
233860,1
236850,3
239140,1
242760,0
250900,2
252490,4
255710,3
261550,1
268910,0
271590,2
275850,4
281990,3
289070,1
292030,0
294100,2
315210,4
322330,3
367520,1
374320,0
377160,2
379720,4
381210,3
394360,0
413150,1
427520,4
489830,0
504230,2
526870,4
546560,3
553850,4
570940,3
588650,1
601150,0
632360,2
632470,4
646570,3
782330,2
814380,1
892970,0
975370,2
990080,4
1063730,3
1086940,1
1091500,0
1142710,2
1145360,4
1151340,1
1158310,3
1174180,1
1222670,0
1237970,2
1245620,4
1265780,2
1272080,3
1294810,1
1332010,0
1517290,2
1544020,2
1593500,4
1623730,3
1627720,1
1680880,0
1687950,2
1794680,4
1817070,3
1888930,1
1938010,0
1966720,0
2050650,2
2344520,4
2357570,3
2358720,4
2853730,3
